{"cameraMode":{"drawMode":0,"name":"Shaded","section":"Shading Mode"},"sceneLighting":false,"audioPlay":false,"sceneViewState":{"showFog":true,"showMaterialUpdate":false,"showSkybox":false,"showFlares":true,"showImageEffects":true,"showParticleSystems":true},"in2DMode":false,"pivot":{"x":2.2136995792388918,"y":2.380199432373047,"z":-1.9101476669311524},"rotation":{"x":0.1296718567609787,"y":-0.46984586119651797,"z":0.07000067830085755,"w":0.8703623414039612},"size":3.527568817138672,"orthographic":false}