{"cameraMode":{"drawMode":0,"name":"Shaded","section":"Shading Mode"},"sceneLighting":true,"audioPlay":false,"sceneViewState":{"showFog":true,"showMaterialUpdate":false,"showSkybox":true,"showFlares":true,"showImageEffects":true,"showParticleSystems":true},"in2DMode":false,"pivot":{"x":0.22413873672485352,"y":-1.1817684173583985,"z":0.280853271484375},"rotation":{"x":0.29327094554901125,"y":-0.038705579936504367,"z":0.011884035542607308,"w":0.9551716446876526},"size":13.831892013549805,"orthographic":false}