{"cameraMode":{"drawMode":0,"name":"Shaded","section":"Shading Mode"},"sceneLighting":false,"audioPlay":false,"sceneViewState":{"showFog":true,"showMaterialUpdate":false,"showSkybox":false,"showFlares":true,"showImageEffects":true,"showParticleSystems":true},"in2DMode":false,"pivot":{"x":0.1024690493941307,"y":0.2537705898284912,"z":-0.4323561489582062},"rotation":{"x":0.3342416286468506,"y":0.29135677218437197,"z":-0.10946734994649887,"w":0.8896127939224243},"size":2.4243741035461427,"orthographic":true}