{"cameraMode":{"drawMode":0,"name":"Shaded","section":"Shading Mode"},"sceneLighting":false,"audioPlay":false,"sceneViewState":{"showFog":true,"showMaterialUpdate":false,"showSkybox":false,"showFlares":true,"showImageEffects":true,"showParticleSystems":true},"in2DMode":false,"pivot":{"x":1.418212890625,"y":0.6038284301757813,"z":0.21832275390625},"rotation":{"x":0.004621421918272972,"y":-0.7875739932060242,"z":0.005906710401177406,"w":0.6161746978759766},"size":1.7495907545089722,"orthographic":true}