{"cameraMode":{"drawMode":0,"name":"Shaded","section":"Shading Mode"},"sceneLighting":false,"audioPlay":false,"sceneViewState":{"showFog":true,"showMaterialUpdate":false,"showSkybox":false,"showFlares":true,"showImageEffects":true,"showParticleSystems":true},"in2DMode":false,"pivot":{"x":3.830671787261963,"y":2.559194564819336,"z":-1.7764729261398316},"rotation":{"x":0.1296718567609787,"y":-0.46984586119651797,"z":0.07000067830085755,"w":0.8703623414039612},"size":2.027569055557251,"orthographic":false}