{"cameraMode":{"drawMode":0,"name":"Shaded","section":"Shading Mode"},"sceneLighting":false,"audioPlay":false,"sceneViewState":{"showFog":true,"showMaterialUpdate":false,"showSkybox":false,"showFlares":true,"showImageEffects":true,"showParticleSystems":true},"in2DMode":false,"pivot":{"x":2.077975034713745,"y":1.5287184715270997,"z":0.6334950923919678},"rotation":{"x":0.19951093196868897,"y":-0.7167331576347351,"z":0.22761526703834535,"w":0.6282362341880798},"size":3.7024238109588625,"orthographic":false}