{"cameraMode":{"drawMode":0,"name":"Shaded","section":"Shading Mode"},"sceneLighting":false,"audioPlay":false,"sceneViewState":{"showFog":true,"showMaterialUpdate":false,"showSkybox":false,"showFlares":true,"showImageEffects":true,"showParticleSystems":true},"in2DMode":false,"pivot":{"x":0.0018590688705444337,"y":0.3407425284385681,"z":0.000570833683013916},"rotation":{"x":0.40146520733833315,"y":-0.08225303888320923,"z":0.036229755729436877,"w":0.9114537239074707},"size":3.3162715435028078,"orthographic":false}