{"cameraMode":{"drawMode":0,"name":"Shaded","section":"Shading Mode"},"sceneLighting":false,"audioPlay":false,"sceneViewState":{"showFog":true,"showMaterialUpdate":false,"showSkybox":false,"showFlares":true,"showImageEffects":true,"showParticleSystems":true},"in2DMode":false,"pivot":{"x":0.04200279712677002,"y":0.14252299070358277,"z":-0.004796624183654785},"rotation":{"x":0.3047957420349121,"y":-0.03142233565449715,"z":0.010061908513307572,"w":0.9518463015556336},"size":1.5498597621917725,"orthographic":true}