{"cameraMode":{"drawMode":0,"name":"Shaded","section":"Shading Mode"},"sceneLighting":true,"audioPlay":false,"sceneViewState":{"showFog":true,"showMaterialUpdate":false,"showSkybox":true,"showFlares":true,"showImageEffects":true,"showParticleSystems":true},"in2DMode":false,"pivot":{"x":5.595660209655762,"y":0.49864768981933596,"z":1.2607641220092774},"rotation":{"x":0.3728231191635132,"y":0.1561569720506668,"z":-0.06380573660135269,"w":0.912440299987793},"size":6.1214985847473148,"orthographic":false}