{"cameraMode":{"drawMode":0,"name":"Shaded","section":"Shading Mode"},"sceneLighting":false,"audioPlay":false,"sceneViewState":{"showFog":true,"showMaterialUpdate":false,"showSkybox":false,"showFlares":true,"showImageEffects":true,"showParticleSystems":true},"in2DMode":false,"pivot":{"x":0.0018590688705444337,"y":0.3407425284385681,"z":0.000570833683013916},"rotation":{"x":0.10267488658428192,"y":-0.028345411643385888,"z":0.0029270260129123928,"w":0.9943068027496338},"size":1.8162717819213868,"orthographic":false}