{"cameraMode":{"drawMode":0,"name":"Shaded","section":"Shading Mode"},"sceneLighting":false,"audioPlay":false,"sceneViewState":{"showFog":true,"showMaterialUpdate":false,"showSkybox":false,"showFlares":true,"showImageEffects":true,"showParticleSystems":true},"in2DMode":false,"pivot":{"x":0.0,"y":0.18313366174697877,"z":0.1705000251531601},"rotation":{"x":-0.22205552458763123,"y":0.10709789395332337,"z":-0.02454700879752636,"w":-0.9688234925270081},"size":3.459131956100464,"orthographic":false}